{"cameraMode":{"drawMode":0,"name":"Shaded","section":"Shading Mode"},"sceneLighting":false,"audioPlay":false,"sceneViewState":{"showFog":true,"showMaterialUpdate":true,"showSkybox":true,"showFlares":true,"showImageEffects":true,"showParticleSystems":true},"in2DMode":false,"pivot":{"x":9.908906936645508,"y":3.960853099822998,"z":3.5793709754943849},"rotation":{"x":-0.4620177447795868,"y":-0.011442609131336213,"z":0.005961951799690723,"w":-0.8867818713188171},"size":5.407395362854004,"orthographic":false}