{"cameraMode":{"drawMode":0,"name":"Shaded","section":"Shading Mode"},"sceneLighting":false,"audioPlay":false,"sceneViewState":{"showFog":true,"showMaterialUpdate":true,"showSkybox":true,"showFlares":true,"showImageEffects":true,"showParticleSystems":true},"in2DMode":false,"pivot":{"x":10.443428993225098,"y":2.4236960411071779,"z":9.783787727355957},"rotation":{"x":-0.3818642795085907,"y":-0.0008337920880876482,"z":0.00034670624881982803,"w":-0.9242246747016907},"size":9.841348648071289,"orthographic":false}